{
  "module_names": [
    {
      "branches": 4,
      "branches_missing": 4,
      "branches_partial": 0,
      "coverage": 45.0,
      "lines": [
        1,
        2,
        4,
        5,
        6,
        8,
        9,
        10,
        11,
        12,
        14,
        15,
        16,
        17,
        18,
        20,
        21,
        23,
        24,
        25
      ],
      "lines_not_covered": [
        9,
        10,
        11,
        12,
        15,
        16,
        17,
        18,
        21,
        24,
        25
      ],
      "module": "classes.utils",
      "sum_lines": 20,
      "sum_lines_not_covered": 11
    },
    {
      "branches": 0,
      "branches_missing": 0,
      "branches_partial": 0,
      "coverage": 78.57142857142857,
      "lines": [
        14,
        17,
        18,
        19,
        20,
        21,
        22,
        23,
        31,
        33,
        35,
        36,
        38,
        41
      ],
      "lines_not_covered": [
        35,
        36,
        41
      ],
      "module": "classes.database",
      "sum_lines": 14,
      "sum_lines_not_covered": 3
    },
    {
      "branches": 16,
      "branches_missing": 15,
      "branches_partial": 1,
      "coverage": 43.63636363636363,
      "lines": [
        1,
        2,
        4,
        5,
        6,
        7,
        9,
        10,
        12,
        13,
        15,
        16,
        18,
        19,
        21,
        22,
        24,
        25,
        27,
        28,
        30,
        31,
        33,
        34,
        36,
        37,
        38,
        39,
        40,
        42,
        43,
        44,
        45,
        47,
        49,
        50,
        51,
        52,
        53,
        54,
        55,
        57,
        58,
        59,
        60,
        61,
        62,
        64,
        65,
        66,
        67,
        68,
        69,
        70,
        71
      ],
      "lines_not_covered": [
        10,
        16,
        19,
        22,
        25,
        28,
        31,
        34,
        37,
        38,
        39,
        40,
        47,
        50,
        51,
        52,
        53,
        54,
        55,
        58,
        59,
        60,
        61,
        62,
        65,
        66,
        67,
        68,
        69,
        70,
        71
      ],
      "module": "classes.user",
      "sum_lines": 55,
      "sum_lines_not_covered": 31
    }
  ],
  "overall_branch_coverage": 5.0,
  "overall_branch_partial_coverage": 95.0,
  "overall_coverage": 49.438202247191015
}